<?xml version="1.0" encoding="UTF-8"?>
<cbinstall version="1.0" type="plugin" group="user">
	<name>Fabrik</name>
	<author>Rob Clayburn</author>
	<creationDate>Jan 2009</creationDate>
	<copyright>(C) 2005-2008 fabrikar.com</copyright>
	<license>http://www.gnu.org/licenses/old-licenses/gpl-2.0.html GNU/GPL version 2</license>
	<authorEmail>rob@pollen-8.co.uk</authorEmail>
	<authorUrl>www.fabrikar.com</authorUrl>
	<version>1.2</version>
	<description>Fabrik tab</description>
	<files>
		<filename plugin="fbk.fabrik">fbk.fabrik.php</filename>
		<filename>index.html</filename>
	</files>
	<params>
	</params>
	<tabs>
    	<tab name="Fabrik" description="" class="getFabrikTab" fields="0" position="cb_main" displaytype="tab">

			<params>
				<param name="plugintext" type="text" size="40" default="" label="plugin text" description="Use standard joomla plugin code - e.g. {fabrik view=table id=1}" />
	    		<param name="fabrik_private" type="radio" default="0" label="Tab Visibility" description="Controls who can see this tab.  Public is normal behavior, visible to everyone.  You may optionally restrict visibility to just the profile owner, or the owner plus admins (Administrator and Super Admin)">
	     			<option value="0">Public</option>
	     			<option value="1">User Only</option>
	     			<option value="2">User and Admins</option>	     			
	   			</param>
			</params>

			<fields>
			</fields>
			
		</tab>
    </tabs> 
	<database>
	</database>
</cbinstall>