<?xml version="1.0" ?>
<joomfish type="contentelement">
  <name>Fabrik - Elements</name>
  <author>Manel Zaera, manelzaera@yahoo.es Benjamin Rivalland - www.decisionpublique.fr</author>
  <version>1.8</version>
  <description>Definition for Fabrik  Elements</description>
  <reference>
  	<table name="fabrik_elements">
  		<field type="referenceid" name="id" translate="0">ID</field>
  		<field type="titletext" name="label" translate="1">Label</field>  		
			<field type="textarea" name="default" translate="1">Default</field>	 
			<field type="textarea" name="sub_labels" translate="1">Sub labels</field> 		
  		<field type="created_date" name="created" translate="0">Created</field>
  		<field type="modified_date" name="modified" translate="0">Modified</field>  		
  		<field type="checked_out_by" name="checked_out" translate="0">Check out by</field>
  		<field type="checked_out_date" name="checked_out_time" translate="0">Check out date</field>
  	</table>
  </reference>
   <translationfilters>
    <keyword>label</keyword>
    <fabrikgroup>group_id</fabrikgroup>
    <author>created_by</author>
    <published>published</published>
  </translationfilters>
</joomfish>
