<?xml version="1.0" encoding="UTF-8" standalone="no"?>
<install type="package" version="2.5">
	<name>Fabrik Package</name>
	<packagename>fabrik</packagename>
	<version>3.0.5.1</version>
	<url>http://www.fabrikar.com</url>
	<creationDate>April 2012</creationDate>
	<author>Fabrik</author>
	<packager>Rob Clayburn</packager>
	<packagerurl>http://www.fabrikar.com</packagerurl>
	<description>Fabrik Package</description>
	
	<updateservers>
		<server type="collection">http://fabrikar.com/update/fabrik/package_list.xml</server>
	</updateservers>

	<files folder="packages">
		
		<file client="site" id="mod_fabrik_form" type="module">mod_fabrik_form_{version}.zip</file>
		<file client="site" id="mod_fabrik_list" type="module">mod_fabrik_list_{version}.zip</file>
		
		<file group="system" id="system_fabrik" type="plugin">plg_system_fabrik_{version}.zip</file>
		
		<file group="content" id="content_fabrik" type="plugin">plg_fabrik_{version}.zip</file>
		
		<file group="fabrik_cron" id="cron_email" type="plugin">plg_fabrik_cron_email_{version}.zip</file>
		<file group="fabrik_cron" id="cron_php" type="plugin">plg_fabrik_cron_php_{version}.zip</file>
		
		<file group="fabrik_element" id="element_button" type="plugin">plg_fabrik_element_button_{version}.zip</file>
		<file group="fabrik_element" id="element_checkbox" type="plugin">plg_fabrik_element_checkbox_{version}.zip</file>
		<file group="fabrik_element" id="element_databasejoin" type="plugin">plg_fabrik_element_databasejoin_{version}.zip</file>
		<file group="fabrik_element" id="element_date" type="plugin">plg_fabrik_element_date_{version}.zip</file>
		<file group="fabrik_element" id="element_display" type="plugin">plg_fabrik_element_display_{version}.zip</file>
		<file group="fabrik_element" id="element_dropdown" type="plugin">plg_fabrik_element_dropdown_{version}.zip</file>
		<file group="fabrik_element" id="element_field" type="plugin">plg_fabrik_element_field_{version}.zip</file>
		<file group="fabrik_element" id="element_fileupload" type="plugin">plg_fabrik_element_fileupload_{version}.zip</file>
		<file group="fabrik_element" id="element_googlemap" type="plugin">plg_fabrik_element_googlemap_{version}.zip</file>
		<file group="fabrik_element" id="element_image" type="plugin">plg_fabrik_element_image_{version}.zip</file>
		<file group="fabrik_element" id="element_internalid" type="plugin">plg_fabrik_element_internalid_{version}.zip</file>
		<file group="fabrik_element" id="element_link" type="plugin">plg_fabrik_element_link_{version}.zip</file>
		<file group="fabrik_element" id="element_radiobutton" type="plugin">plg_fabrik_element_radiobutton_{version}.zip</file>
		<file group="fabrik_element" id="element_textarea" type="plugin">plg_fabrik_element_textarea_{version}.zip</file>
		<file group="fabrik_element" id="element_user" type="plugin">plg_fabrik_element_user_{version}.zip</file>
		
		<file group="fabrik_form" id="form_email" type="plugin">plg_fabrik_form_email_{version}.zip</file>
		<file group="fabrik_form" id="form_php" type="plugin">plg_fabrik_form_php_{version}.zip</file>
		<file group="fabrik_form" id="form_receipt" type="plugin">plg_fabrik_form_receipt_{version}.zip</file>
		<file group="fabrik_form" id="form_redirect" type="plugin">plg_fabrik_form_redirect_{version}.zip</file>
		
		<file group="fabrik_list" id="list_copy" type="plugin">plg_fabrik_list_copy_{version}.zip</file>
		<file group="fabrik_list" id="list_php" type="plugin">plg_fabrik_list_php_{version}.zip</file>
		
		<file group="fabrik_validationrule" id="validationrule_isgreaterorlessthan" type="plugin">plg_fabrik_validationrule_isgreaterorlessthan_{version}.zip</file>
		<file group="fabrik_validationrule" id="validationrule_notempty" type="plugin">plg_fabrik_validationrule_notempty_{version}.zip</file>
		<file group="fabrik_validationrule" id="validationrule_php" type="plugin">plg_fabrik_validationrule_php_{version}.zip</file>
		<file group="fabrik_validationrule" id="validationrule_regex" type="plugin">plg_fabrik_validationrule_regex_{version}.zip</file>
		
		<file group="fabrik_visualization" id="visualization_calendar" type="plugin">plg_fabrik_visualization_calendar_{version}.zip</file>
		<file group="fabrik_visualization" id="visualization_chart" type="plugin">plg_fabrik_visualization_chart_{version}.zip</file>
		<file group="fabrik_visualization" id="visualization_googlemap" type="plugin">plg_fabrik_visualization_googlemap_{version}.zip</file>
		<file group="fabrik_visualization" id="visualization_media" type="plugin">plg_fabrik_visualization_media_{version}.zip</file>
		<file group="fabrik_visualization" id="visualization_slideshow" type="plugin">plg_fabrik_visualization_slideshow_{version}.zip</file>
		
		<file id="com_fabrik" type="component">com_fabrik_{version}.zip</file>
	</files>
</install>
