<?xml version="1.0" ?>
<joomfish type="contentelement">
  <name>Fabrik - Groups</name>
  <author>Manel Zaera, manelzaera@yahoo.es</author>
  <version>1.8</version>
  <description>Definition for Fabrik Groups</description>
  <reference>
  	<table name="fabrik_groups">
  		<field type="referenceid" name="id" translate="0">ID</field>
  		<field type="titletext" name="name" translate="1">Group Name</field>  		
  		<field type="text" name="label" translate="1">Group Title</field>  
  	</table>
  </reference>
</joomfish >
