<?xml version="1.0" encoding="utf-8"?>
<extension
	type="module"
	version="1.7.0"
	client="administrator"
	method="upgrade">
	<name>mod_fabrik_list</name>
	<author>Rob Clayburn</author>
	<creationDate>{createdate}</creationDate>
	<copyright>(C) 2005-{year} Pollen 8 Design Ltd. All rights reserved.</copyright>
	<license>http://www.gnu.org/copyleft/gpl.html GNU/GPL</license>
	<authorEmail>rob@pollen-8.co.uk</authorEmail>
	<authorUrl>www.fabrikar.com</authorUrl>
	<version>3.0.2</version>
	<description>MOD_FABRIK_LIST_XML_DESCRIPTION</description>
	<files>
		<filename module="mod_fabrik_list">mod_fabrik_list.php</filename>
		<filename>listmodule.js</filename>
		<filename>index.html</filename>
		<filename>mod_fabrik_list.xml</filename>
	</files>
	<config>
		<fields name="params">
			<fieldset name="advanced" addfieldpath="/administrator/components/com_fabrik/models/fields">
				<field name="moduleclass_sfx" 
					type="text"
					label="MOD_FABRIK_LIST_CLASS_SUFFIX_LABEL"
					description="MOD_FABRIK_LIST_CLASS_SUFFIX_DESC" />
					
				<field name="@spacer" type="spacer" label="" description="" />
				
				<field name="list_id" 
					type="fabriktables" 
					label="MOD_FABRIK_LIST_LIST_LABEL" 
					description="MOD_FABRIK_LIST_LIST_DESC" />
				
				<field name="useajax" 
					type="list" default="" 
					label="MOD_FABRIK_LIST_AJAX_LABEL"
					description="MOD_FABRIK_LIST_AJAX_DESC">
						<option value="">JGLOBAL_USE_GLOBAL</option>
						<option value="0">JNO</option>
						<option value="1">JYES</option>
				</field>
				
				<field name="ajax_links" 
					type="list" default="" 
					label="MOD_FABRIK_LIST_AJAX_LINKS_LABEL"
					description="MOD_FABRIK_LIST_AJAX_LINKS_DESC">
						<option value="">JGLOBAL_USE_GLOBAL</option>
						<option value="0">JNO</option>
						<option value="1">JYES</option>
				</field>
				
				<field name="radomizerecords" 
					type="radio" default="0" 
					label="MOD_FABRIK_LIST_RANDOMIZE_LABEL">
					description="MOD_FABRIK_LIST_RANDOMIZE_DESC"
						<option value="0">JNo</option>
						<option value="1">JYES</option>
				</field>
				
				<field name="limit" 
					type="text" size="4" default="0" 
					label="MOD_FABRIK_LIST_LIMIT_LABEL" 
					description="MOD_FABRIK_LIST_LIMIT_DESC" />
					
				<field name="fabriklayout" 
					type="folderlist" 
					directory="/components/com_fabrik/views/list/tmpl/" 
					default="default" 
					label="MOD_FABRIK_LIST_TEMPLATE_LABEL" 
					descrption="MOD_FABRIK_LIST_TEMPLATE_DESC" />
					
				<field name="list_elements" 
					type="fabrikmodalrepeat" 
					label="MOD_FABRIK_LIST_ELEMENTS_LABEL"
					description="MOD_FABRIK_LIST_ELEMENTS_DESC">
				
					<fields name="params">
						<fieldset name="list_elements_modal" repeat="true">
							<field name="show_in_list" 
								size="30"
								type="listfields"
								label="MOD_FABRIK_LIST_ELEMENTS_HEADING"/>
						
						</fieldset>
					</fields>
				</field>
				
				<field name="prefilters" 
					type="fabrikmodalrepeat" 
					label="MOD_FABRIK_LIST_PREFILTERS_LABEL"
					description="MOD_FABRIK_LIST_PREFILTERS_DESC">
				
					<fields name="params">
						<fieldset name="prefilters_modal" repeat="true">
							<field name="filter-fields" 
								type="listfields"
								valueformat="tableelement"
								label="MOD_FABRIK_LIST_ELEMENTS_HEADING"/>
						
							<field name="filter-conditions"
								label="MOD_FABRIK_LIST_CONDITION_LABEL"
								type="list">
									<option value="equals">EQUALS</option>
									<option value="notequals">NOT EQUAL TO</option>
									<option value="begins">BEGINS WITH</option>
									<option value="contains">CONTAINS</option>
									<option value="ends">ENDS WITH</option>
									<option value=">">GREATER THAN</option>
									<option value=">=">GREATER THAN OR EQUALS</option>
									<option value="&lt;">LESS THAN</option>
									<option value="IS NULL">IS NULL</option>
									<option value="&lt;=">LESS THAN OR EQUALS</option>
									<option value="in">IN</option>
									<option value="not_in">NOT IN</option>
									<option value="earlierthisyear">COM_FABRIK_EARLIER_THIS_YEAR</option>
									<option value="laterthisyear">COM_FABRIK_LATER_THIS_YEAR</option>
							</field>
							
							<field name="filter-value" 
								type="field"
								label="MOD_FABRIK_LIST_FILTER_VALUE_HEADING"/>
							
							<field name="filter-eval"
								type="list"
								label="MOD_FABRIK_lIST_TYPE">
									<option value="0">MOD_FABRIK_lIST_TEXT</option>
									<option value="1">MOD_FABRIK_lIST_EVAL</option>
									<option value="2">MOD_FABRIK_lIST_QUERY</option>
									<option value="3">MOD_FABRIK_lIST_NO_QUOTES</option>
							</field>
							
							<field name="filter-access" 
								type="accesslevel"
								label="MOD_FABRIK_LIST_FILTER_ACCESS_HEADING"/>
								
						</fieldset>
					</fields>
				</field>
			</fieldset>
		</fields>
	</config>
</extension>
