<?xml version="1.0" encoding="UTF-8" standalone="no"?>
<install type="package" version="1.6">
	<name>Fabrik Package</name>
	<packagename>fabrik</packagename>
	<version>3.0 Alpha</version>
	<url>http://www.joomla.org</url>
	<packager>Rob Clayburn</packager>
	<packagerurl>http://www.fabrikar.com</packagerurl>
	<description>Fabrik Free Package</description>
	<update>http://fabrikar.com/update/packages/free</update>
	<files folder="packages">
		<file id="com_fabrik" type="component">com_fabrik_3.0.2.zip</file>
		<file client="site" id="mod_fabrik_form" type="module">mod_fabrik_form_3.0.2.zip</file>
		<file client="site" id="mod_fabrik_list" type="module">mod_fabrik_list_3.0.2.zip</file>
		
		<file group="content" id="plg_fabrik" type="plugin">plg_fabrik_3.0.2.zip</file>
		<file group="editors-xtd" id="plg_fabrik" type="plugin">plg_fabrik_cck_editor_3.0.2.zip</file>
		
		<file group="fabrik_cron" id="cron_email" type="plugin">plg_fabrik_cron_email_3.0.2.zip</file>
		<file group="fabrik_cron" id="cron_gcalsync" type="plugin">plg_fabrik_cron_gcalsync_3.0.2.zip</file>
		<file group="fabrik_cron" id="cron_geocode" type="plugin">plg_fabrik_cron_geocode_3.0.2.zip</file>
		<file group="fabrik_cron" id="cron_gmail" type="plugin">plg_fabrik_cron_gmail_3.0.2.zip</file>
		<file group="fabrik_cron" id="cron_notification" type="plugin">plg_fabrik_cron_notification_3.0.2.zip</file>
		<file group="fabrik_cron" id="cron_php" type="plugin">plg_fabrik_cron_php_3.0.2.zip</file>
		
		<file group="fabrik_element" id="element_access" type="plugin">plg_fabrik_element_access_3.0.2.zip</file>
		<file group="fabrik_element" id="element_birthday" type="plugin">plg_fabrik_element_birthday_3.0.2.zip</file>		
		<file group="fabrik_element" id="element_button" type="plugin">plg_fabrik_element_button_3.0.2.zip</file>
		<file group="fabrik_element" id="element_calc" type="plugin">plg_fabrik_element_calc_3.0.2.zip</file>
		<file group="fabrik_element" id="element_captcha" type="plugin">plg_fabrik_element_captcha_3.0.2.zip</file>
		<file group="fabrik_element" id="element_checkbox" type="plugin">plg_fabrik_element_checkbox_3.0.2.zip</file>
		<file group="fabrik_element" id="element_colourpicker" type="plugin">plg_fabrik_element_colourpicker_3.0.2.zip</file>
		<file group="fabrik_element" id="element_count" type="plugin">plg_fabrik_element_count_3.0.2.zip</file>
		<file group="fabrik_element" id="element_databasejoin" type="plugin">plg_fabrik_element_databasejoin_3.0.2.zip</file>
		<file group="fabrik_element" id="element_date" type="plugin">plg_fabrik_element_date_3.0.2.zip</file>
		<file group="fabrik_element" id="element_display" type="plugin">plg_fabrik_element_display_3.0.2.zip</file>
		<file group="fabrik_element" id="element_dropdown" type="plugin">plg_fabrik_element_dropdown_3.0.2.zip</file>
		<file group="fabrik_element" id="element_fbactivity" type="plugin">plg_fabrik_element_fbactivity_3.0.2.zip</file>
		<file group="fabrik_element" id="element_fbcomment" type="plugin">plg_fabrik_element_fbcomment_3.0.2.zip</file>
		<file group="fabrik_element" id="element_fblike" type="plugin">plg_fabrik_element_fblike_3.0.2.zip</file>
		<file group="fabrik_element" id="element_fbrecommendations" type="plugin">plg_fabrik_element_fbrecommendations_3.0.2.zip</file>
		<file group="fabrik_element" id="element_field" type="plugin">plg_fabrik_element_field_3.0.2.zip</file>
		<file group="fabrik_element" id="element_fileupload" type="plugin">plg_fabrik_element_fileupload_3.0.2.zip</file>
		<file group="fabrik_element" id="element_folder" type="plugin">plg_fabrik_element_folder_3.0.2.zip</file>
		<file group="fabrik_element" id="element_googlemap" type="plugin">plg_fabrik_element_googlemap_3.0.2.zip</file>
		<file group="fabrik_element" id="element_googleometer" type="plugin">plg_fabrik_element_googleometer_3.0.2.zip</file>
		<file group="fabrik_element" id="element_image" type="plugin">plg_fabrik_element_image_3.0.2.zip</file>
		<file group="fabrik_element" id="element_internalid" type="plugin">plg_fabrik_element_internalid_3.0.2.zip</file>
		<file group="fabrik_element" id="element_ip" type="plugin">plg_fabrik_element_ip_3.0.2.zip</file>
		<file group="fabrik_element" id="element_jsperiodical" type="plugin">plg_fabrik_element_jsperiodical_3.0.2.zip</file>
		<file group="fabrik_element" id="element_kaltura" type="plugin">plg_fabrik_element_kaltura_3.0.2.zip</file>
		<file group="fabrik_element" id="element_link" type="plugin">plg_fabrik_element_link_3.0.2.zip</file>
		<file group="fabrik_element" id="element_openstreetmap" type="plugin">plg_fabrik_element_openstreetmap_3.0.2.zip</file>
		<file group="fabrik_element" id="element_password" type="plugin">plg_fabrik_element_password_3.0.2.zip</file>
		<file group="fabrik_element" id="element_picklist" type="plugin">plg_fabrik_element_picklist_3.0.2.zip</file>
		<file group="fabrik_element" id="element_radiobutton" type="plugin">plg_fabrik_element_radiobutton_3.0.2.zip</file>
		<file group="fabrik_element" id="element_rating" type="plugin">plg_fabrik_element_rating_3.0.2.zip</file>
		<file group="fabrik_element" id="element_sql" type="plugin">plg_fabrik_element_sql_3.0.2.zip</file>
		<file group="fabrik_element" id="element_sugarid" type="plugin">plg_fabrik_element_sugarid_3.0.2.zip</file>
		<file group="fabrik_element" id="element_textarea" type="plugin">plg_fabrik_element_textarea_3.0.2.zip</file>
		<file group="fabrik_element" id="element_thumbs" type="plugin">plg_fabrik_element_thumbs_3.0.2.zip</file>
		<file group="fabrik_element" id="element_timer" type="plugin">plg_fabrik_element_timer_3.0.2.zip</file>
		<file group="fabrik_element" id="element_timestamp" type="plugin">plg_fabrik_element_timestamp_3.0.2.zip</file>
		<file group="fabrik_element" id="element_twitterprofile" type="plugin">plg_fabrik_element_twitterprofile_3.0.2.zip</file>
		<file group="fabrik_element" id="element_user" type="plugin">plg_fabrik_element_user_3.0.2.zip</file>
		<file group="fabrik_element" id="element_video" type="plugin">plg_fabrik_element_video_3.0.2.zip</file>
		<file group="fabrik_element" id="element_yesno" type="plugin">plg_fabrik_element_yesno_3.0.2.zip</file>
		<file group="fabrik_element" id="element_youtube" type="plugin">plg_fabrik_element_youtube_3.0.2.zip</file>
		
		<file group="fabrik_form" id="form_autofill" type="plugin">plg_fabrik_form_autofill_3.0.2.zip</file>
		<file group="fabrik_form" id="form_clone" type="plugin">plg_fabrik_form_clone_3.0.2.zip</file>
		<file group="fabrik_form" id="form_comment" type="plugin">plg_fabrik_form_comment_3.0.2.zip</file>
		<file group="fabrik_form" id="form_confirmation" type="plugin">plg_fabrik_form_confirmation_3.0.2.zip</file>
		<file group="fabrik_form" id="form_email" type="plugin">plg_fabrik_form_email_3.0.2.zip</file>
		<file group="fabrik_form" id="form_exif" type="plugin">plg_fabrik_form_exif_3.0.2.zip</file>
		<file group="fabrik_form" id="form_js" type="plugin">plg_fabrik_form_js_3.0.2.zip</file>
		<file group="fabrik_form" id="form_juser" type="plugin">plg_fabrik_form_juser_3.0.2.zip</file>
		<file group="fabrik_form" id="form_kunena" type="plugin">plg_fabrik_form_kunena_3.0.2.zip</file>
		<file group="fabrik_form" id="form_limit" type="plugin">plg_fabrik_form_limit_3.0.2.zip</file>
		<file group="fabrik_form" id="form_logs" type="plugin">plg_fabrik_form_logs_3.0.2.zip</file>
		<file group="fabrik_form" id="form_notification" type="plugin">plg_fabrik_form_notification_3.0.2.zip</file>
		<file group="fabrik_form" id="form_paypal" type="plugin">plg_fabrik_form_paypal_3.0.2.zip</file>
		<file group="fabrik_form" id="form_php" type="plugin">plg_fabrik_form_php_3.0.2.zip</file>
		<file group="fabrik_form" id="form_receipt" type="plugin">plg_fabrik_form_receipt_3.0.2.zip</file>
		<file group="fabrik_form" id="form_redirect" type="plugin">plg_fabrik_form_redirect_3.0.2.zip</file>
		<file group="fabrik_form" id="form_salesforce" type="plugin">plg_fabrik_form_salesforce_3.0.2.zip</file>
		<file group="fabrik_form" id="form_sms" type="plugin">plg_fabrik_form_sms_3.0.2.zip</file>
		<file group="fabrik_form" id="form_twitter" type="plugin">plg_fabrik_form_twitter_3.0.2.zip</file>
		<file group="fabrik_form" id="form_vbforum" type="plugin">plg_fabrik_form_vbforum_3.0.2.zip</file>
		
		<file group="fabrik_list" id="list_copy" type="plugin">plg_fabrik_list_copy_3.0.2.zip</file>
		<file group="fabrik_list" id="list_download" type="plugin">plg_fabrik_list_download_3.0.2.zip</file>
		<file group="fabrik_list" id="list_inlineedit" type="plugin">plg_fabrik_list_inlineedit_3.0.2.zip</file>
		<file group="fabrik_list" id="list_php" type="plugin">plg_fabrik_list_php_3.0.2.zip</file>
		<file group="fabrik_list" id="list_radius_search" type="plugin">plg_fabrik_list_radius_search_3.0.2.zip</file>
		
		<file group="system" id="schedule" type="plugin">plg_fabrik_schedule_3.0.2.zip</file>
		
		<file group="search" id="search" type="plugin">plg_fabrik_search_3.0.2.zip</file>
		
		<file group="fabrik_validationrule" id="validationrule_akismet" type="plugin">plg_fabrik_validation_akismet_3.0.2.zip</file>
		<file group="fabrik_validationrule" id="validationrule_emailexists" type="plugin">plg_fabrik_validation_emailexists_3.0.2.zip</file>
		<file group="fabrik_validationrule" id="validationrule_isalphanumeric" type="plugin">plg_fabrik_validation_isalphanumeric_3.0.2.zip</file>
		<file group="fabrik_validationrule" id="validationrule_isemail" type="plugin">plg_fabrik_validation_isemail_3.0.2.zip</file>
		<file group="fabrik_validationrule" id="validationrule_isgreaterorlessthan" type="plugin">plg_fabrik_validation_isgreaterorlessthan_3.0.2.zip</file>
		<file group="fabrik_validationrule" id="validationrule_isnot" type="plugin">plg_fabrik_validation_isnot_3.0.2.zip</file>
		<file group="fabrik_validationrule" id="validationrule_isnumeric" type="plugin">plg_fabrik_validation_isnumeric_3.0.2.zip</file>
		<file group="fabrik_validationrule" id="validationrule_notempty" type="plugin">plg_fabrik_validation_notempty_3.0.2.zip</file>
		<file group="fabrik_validationrule" id="validationrule_php" type="plugin">plg_fabrik_validation_php_3.0.2.zip</file>
		<file group="fabrik_validationrule" id="validationrule_regex" type="plugin">plg_fabrik_validation_regex_3.0.2.zip</file>
		<file group="fabrik_validationrule" id="validationrule_specialchars" type="plugin">plg_fabrik_validation_specialchars_3.0.2.zip</file>
		<file group="fabrik_validationrule" id="validationrule_userexists" type="plugin">plg_fabrik_validation_userexists_3.0.2.zip</file>
		
		<file group="fabrik_visualization" id="visualization_calendar" type="plugin">plg_fabrik_visualization_calendar_3.0.2.zip</file>
		<file group="fabrik_visualization" id="visualization_chart" type="plugin">plg_fabrik_visualization_chart_3.0.2.zip</file>
		<file group="fabrik_visualization" id="visualization_coverflow" type="plugin">plg_fabrik_visualization_coverflow_3.0.2.zip</file>
		<file group="fabrik_visualization" id="visualization_fusion_gantt_chart" type="plugin">plg_fabrik_visualization_fusion_gantt_chart_3.0.2.zip</file>
		<file group="fabrik_visualization" id="visualization_fusionchart" type="plugin">plg_fabrik_visualization_fusionchart_3.0.2.zip</file>
		<file group="fabrik_visualization" id="visualization_googlemap" type="plugin">plg_fabrik_visualization_googlemap_3.0.2.zip</file>
		<file group="fabrik_visualization" id="visualization_kaltura" type="plugin">plg_fabrik_visualization_kaltura_3.0.2.zip</file>
		<file group="fabrik_visualization" id="visualization_media" type="plugin">plg_fabrik_visualization_media_3.0.2.zip</file>
		<file group="fabrik_visualization" id="visualization_slideshow" type="plugin">plg_fabrik_visualization_slideshow_3.0.2.zip</file>
		
	</files>
</install>
